{ path: "mtl-subset-segment-lasalle.curblr.json", label: "mtl - LaSalle" },
{ path: "mtl-subset-segment-ville-marie.curblr.json", label: "mtl - Ville-Marie" },
{ path: "mtl-subset-segment-côte-des-neiges-notre-dame-de-grâce.curblr.json", label: "mtl - Côte-des-Neiges - Notre-Dame-de-Grâce" },
{ path: "mtl-subset-segment-montréal-nord.curblr.json", label: "mtl - Montréal-Nord" },
{ path: "mtl-subset-segment-saint-léonard.curblr.json", label: "mtl - Saint-Léonard" },
{ path: "mtl-subset-segment-verdun.curblr.json", label: "mtl - Verdun" },
{ path: "mtl-subset-segment-l'île-bizard-sainte-geneviève.curblr.json", label: "mtl - L'Île-Bizard - Sainte-Geneviève" },
{ path: "mtl-subset-segment-sud-ouest.curblr.json", label: "mtl - Sud-Ouest" },
{ path: "mtl-subset-segment-villeray-saint-michel-parc-extension.curblr.json", label: "mtl - Villeray - Saint-Michel - Parc-Extension" },
{ path: "mtl-subset-segment-anjou.curblr.json", label: "mtl - Anjou" },
{ path: "mtl-subset-segment-lachine.curblr.json", label: "mtl - Lachine" },
{ path: "mtl-subset-segment-plateau-mont-royal.curblr.json", label: "mtl - Plateau-Mont-Royal" },
{ path: "mtl-subset-segment-rivière-des-prairies-pointe-aux-trembles.curblr.json", label: "mtl - Rivière-des-Prairies - Pointe-aux-Trembles" },
{ path: "mtl-subset-segment-rosemont-lapetite-patrie.curblr.json", label: "mtl - Rosemont - La Petite-Patrie" },
{ path: "mtl-subset-segment-mercier-hochelaga-maisonneuve.curblr.json", label: "mtl - Mercier - Hochelaga-Maisonneuve" },
{ path: "mtl-subset-segment-pierrefonds-roxboro.curblr.json", label: "mtl - Pierrefonds - Roxboro" },
{ path: "mtl-subset-segment-outremont.curblr.json", label: "mtl - Outremont" },
{ path: "mtl-subset-segment-ahuntsic-cartierville.curblr.json", label: "mtl - Ahuntsic - Cartierville" },
{ path: "mtl-subset-segment-saint-laurent.curblr.json", label: "mtl - Saint-Laurent" },
